{"cameraMode":{"drawMode":0,"name":"Shaded","section":"Shading Mode"},"sceneLighting":false,"audioPlay":false,"sceneViewState":{"showFog":true,"showMaterialUpdate":false,"showSkybox":false,"showFlares":true,"showImageEffects":true,"showParticleSystems":true},"in2DMode":false,"pivot":{"x":0.0,"y":0.19238978624343873,"z":0.5771117210388184},"rotation":{"x":-0.05328323319554329,"y":0.19081948697566987,"z":-0.01037176325917244,"w":-0.9801298379898071},"size":1.3416774272918702,"orthographic":false}