{"cameraMode":{"drawMode":0,"name":"Shaded","section":"Shading Mode"},"sceneLighting":false,"audioPlay":false,"sceneViewState":{"showFog":true,"showMaterialUpdate":false,"showSkybox":false,"showFlares":true,"showImageEffects":true,"showParticleSystems":true},"in2DMode":false,"pivot":{"x":-10.611115455627442,"y":8.903353691101075,"z":-14.984672546386719},"rotation":{"x":-0.30333268642425539,"y":-0.23379585146903993,"z":0.07704208791255951,"w":-0.9205470681190491},"size":0.5091158151626587,"orthographic":false}