{"cameraMode":{"drawMode":0,"name":"Shaded","section":"Shading Mode"},"sceneLighting":true,"audioPlay":false,"sceneViewState":{"showFog":true,"showMaterialUpdate":false,"showSkybox":true,"showFlares":true,"showImageEffects":true,"showParticleSystems":true},"in2DMode":false,"pivot":{"x":377.2520751953125,"y":10.446550369262696,"z":277.55841064453127},"rotation":{"x":-0.01057442370802164,"y":-0.9891165494918823,"z":0.09408385306596756,"w":-0.113567054271698},"size":45.1673698425293,"orthographic":false}