{"cameraMode":{"drawMode":0,"name":"Shaded","section":"Shading Mode"},"sceneLighting":false,"audioPlay":false,"sceneViewState":{"showFog":true,"showMaterialUpdate":false,"showSkybox":false,"showFlares":true,"showImageEffects":true,"showParticleSystems":true},"in2DMode":false,"pivot":{"x":-1.5698426961898804,"y":1.8811103105545045,"z":-3.5953330993652345},"rotation":{"x":0.22162966430187226,"y":0.4359651207923889,"z":-0.1117127314209938,"w":0.865084171295166},"size":0.5091158151626587,"orthographic":false}