{"cameraMode":{"drawMode":0,"name":"Shaded","section":"Shading Mode"},"sceneLighting":false,"audioPlay":false,"sceneViewState":{"showFog":true,"showMaterialUpdate":false,"showSkybox":false,"showFlares":true,"showImageEffects":true,"showParticleSystems":true},"in2DMode":false,"pivot":{"x":105.5199966430664,"y":33.18000030517578,"z":86.31999969482422},"rotation":{"x":0.12879808247089387,"y":-0.7166708707809448,"z":0.13722839951515199,"w":0.6717031598091126},"size":8.885416030883789,"orthographic":false}