{"cameraMode":{"drawMode":0,"name":"Shaded","section":"Shading Mode"},"sceneLighting":false,"audioPlay":false,"sceneViewState":{"showFog":true,"showMaterialUpdate":false,"showSkybox":false,"showFlares":true,"showImageEffects":true,"showParticleSystems":true},"in2DMode":false,"pivot":{"x":12.004334449768067,"y":-9.950628280639649,"z":58.50376510620117},"rotation":{"x":-0.23772136867046357,"y":0.7213255167007446,"z":-0.2953490614891052,"w":-0.5798172354698181},"size":12.118733406066895,"orthographic":false}