{"cameraMode":{"drawMode":0,"name":"Shaded","section":"Shading Mode"},"sceneLighting":false,"audioPlay":false,"sceneViewState":{"showFog":true,"showMaterialUpdate":false,"showSkybox":false,"showFlares":true,"showImageEffects":true,"showParticleSystems":true},"in2DMode":false,"pivot":{"x":10.343589782714844,"y":3.06935977935791,"z":12.839733123779297},"rotation":{"x":0.2171141356229782,"y":0.5359466671943665,"z":-0.14492756128311158,"w":0.8028915524482727},"size":0.8660253882408142,"orthographic":false}