{"cameraMode":{"drawMode":0,"name":"Shaded","section":"Shading Mode"},"sceneLighting":true,"audioPlay":false,"sceneViewState":{"showFog":true,"showMaterialUpdate":false,"showSkybox":true,"showFlares":true,"showImageEffects":true,"showParticleSystems":true},"in2DMode":false,"pivot":{"x":15.927387237548829,"y":4.571813106536865,"z":-38.47837448120117},"rotation":{"x":-0.02962457574903965,"y":-0.6096070408821106,"z":-0.02281700260937214,"w":0.7918433547019959},"size":0.3956426978111267,"orthographic":false}