{"cameraMode":{"drawMode":0,"name":"Shaded","section":"Shading Mode"},"sceneLighting":true,"audioPlay":false,"sceneViewState":{"showFog":true,"showMaterialUpdate":false,"showSkybox":true,"showFlares":true,"showImageEffects":true,"showParticleSystems":true},"in2DMode":false,"pivot":{"x":145.27467346191407,"y":23.499897003173829,"z":60.225826263427737},"rotation":{"x":-0.06339173763990402,"y":0.8818919658660889,"z":-0.12410350888967514,"w":-0.45040979981422427},"size":19.92413330078125,"orthographic":false}