{"cameraMode":{"drawMode":0,"name":"Shaded","section":"Shading Mode"},"sceneLighting":true,"audioPlay":false,"sceneViewState":{"showFog":true,"showMaterialUpdate":false,"showSkybox":true,"showFlares":true,"showImageEffects":true,"showParticleSystems":true},"in2DMode":false,"pivot":{"x":330.6645202636719,"y":75.06346893310547,"z":545.9820556640625},"rotation":{"x":0.23587429523468018,"y":-0.7000994086265564,"z":0.26400771737098696,"w":0.6203687191009522},"size":51.37122344970703,"orthographic":false}