{"cameraMode":{"drawMode":0,"name":"Shaded","section":"Shading Mode"},"sceneLighting":false,"audioPlay":false,"sceneViewState":{"showFog":true,"showMaterialUpdate":false,"showSkybox":false,"showFlares":true,"showImageEffects":true,"showParticleSystems":true},"in2DMode":false,"pivot":{"x":161.5828094482422,"y":36.503421783447269,"z":115.20283508300781},"rotation":{"x":-0.1485835313796997,"y":-0.8411528468132019,"z":0.2890262305736542,"w":-0.43234768509864809},"size":4.400132179260254,"orthographic":false}