{"cameraMode":{"drawMode":0,"name":"Shaded","section":"Shading Mode"},"sceneLighting":false,"audioPlay":false,"sceneViewState":{"showFog":true,"showMaterialUpdate":false,"showSkybox":false,"showFlares":true,"showImageEffects":true,"showParticleSystems":true},"in2DMode":false,"pivot":{"x":174.76702880859376,"y":30.387731552124025,"z":98.57815551757813},"rotation":{"x":-0.08875588327646256,"y":-0.8573083877563477,"z":0.15732695162296296,"w":-0.4823406934738159},"size":6.448295593261719,"orthographic":false}