{"cameraMode":{"drawMode":0,"name":"Shaded","section":"Shading Mode"},"sceneLighting":false,"audioPlay":false,"sceneViewState":{"showFog":true,"showMaterialUpdate":false,"showSkybox":false,"showFlares":true,"showImageEffects":true,"showParticleSystems":true},"in2DMode":false,"pivot":{"x":-220.14340209960938,"y":35.41097640991211,"z":75.8873291015625},"rotation":{"x":-0.14106561243534089,"y":-0.5078909397125244,"z":0.08473343402147293,"w":-0.8455597162246704},"size":3.637974739074707,"orthographic":false}