{"cameraMode":{"drawMode":0,"name":"Shaded","section":"Shading Mode"},"sceneLighting":false,"audioPlay":false,"sceneViewState":{"showFog":true,"showMaterialUpdate":false,"showSkybox":false,"showFlares":true,"showImageEffects":true,"showParticleSystems":true},"in2DMode":false,"pivot":{"x":35.554683685302737,"y":-3.152742385864258,"z":80.11575317382813},"rotation":{"x":0.09092099219560623,"y":0.48689985275268557,"z":-0.05109221115708351,"w":0.8672515153884888},"size":10.753761291503907,"orthographic":false}