{"cameraMode":{"drawMode":0,"name":"Shaded","section":"Shading Mode"},"sceneLighting":false,"audioPlay":false,"sceneViewState":{"showFog":true,"showMaterialUpdate":false,"showSkybox":false,"showFlares":true,"showImageEffects":true,"showParticleSystems":true},"in2DMode":false,"pivot":{"x":169.7525634765625,"y":31.22100257873535,"z":181.65283203125},"rotation":{"x":0.01529872789978981,"y":-0.9677188992500305,"z":0.06054253876209259,"w":0.24460507929325105},"size":1.0271306037902833,"orthographic":false}