{"cameraMode":{"drawMode":0,"name":"Shaded","section":"Shading Mode"},"sceneLighting":false,"audioPlay":false,"sceneViewState":{"showFog":true,"showMaterialUpdate":false,"showSkybox":false,"showFlares":true,"showImageEffects":true,"showParticleSystems":true},"in2DMode":false,"pivot":{"x":10.345305442810059,"y":3.069359540939331,"z":12.835585594177246},"rotation":{"x":-0.1604420393705368,"y":0.8352356553077698,"z":0.4149542450904846,"w":0.3234087824821472},"size":0.5660253763198853,"orthographic":false}